"metabolites";"genes";"value"
"N..1..acetylspermidine";"bhp";-0.639476936479114
"glucosamine.6.phosphate";"bhp";0.53650197248561
"glucose.6.phosphate";"bhp";0.504299190340492
"dihydroxyacetone.phosphate..DHAP.";"bhp";0.287950449689411
"behenate..22.0..";"bhp";0.399159586688783
"phosphate";"bhp";0.357223866817963
"uracil";"bhp";0.402411744556316
"ribose";"bhp";0.431509999160559
"glucose.1.phosphate";"bhp";0.531706243804837
"N.palmitoyl.sphingosine..d18.1.16.0.";"bhp";0.409087226494937
"N.stearoyl.sphingosine..d18.1.18.0..";"bhp";0.373998154766291
"palmitoylcarnitine..C16.";"bhp";-0.32481268599566
"X1.methyl.4.imidazoleacetate";"bhp";0.451704609506851
"delta.tocopherol";"bhp";0.442122303780929
"gamma.glutamyl.epsilon.lysine";"bhp";0.590632451236817
"N.acetylcitrulline";"bhp";-0.573279412595238
"glycerophosphoethanolamine";"bhp";0.348836722843799
"gamma.glutamylalanine";"bhp";0.346269229790484
"bilirubin..E.E..";"bhp";0.569469959225378
"X.16.or.17..methylstearate..a19.0.or.i19.0.";"bhp";0.55543433053392
"hydroxymethylpyrimidine";"bhp";-0.436473819063635
"N6.methyllysine";"bhp";-0.295261701131283
"sphingomyelin..d18.2.16.0..d18.1.16.1..";"bhp";-0.537674122114554
"N2.N5.diacetylornithine";"bhp";0.446570099938438
"glutamyl.meso.diaminopimelate";"bhp";0.482859860226869
"X1..1.enyl.palmitoyl..2.linoleoyl.GPC..P.16.0.18.2..";"bhp";0.426375013053928
"X1.oleoyl.2.docosahexaenoyl.GPC..18.1.22.6..";"bhp";0.409087226494937
"X2.acetamidobutanoate";"bhp";-0.392869932398967
"gamma.glutamyl.alpha.lysine";"bhp";0.428600173700134
"N.palmitoyl.sphingadienine..d18.2.16.0..";"bhp";0.456329098675942
"sphingomyelin..d18.0.20.0..d16.0.22.0..";"bhp";0.418330201486872
"linolenoylcarnitine..C18.3..";"bhp";0.554578499516148
"eicosenoylcarnitine..C20.1..";"bhp";0.463175746818116
"X5.dodecenoylcarnitine..C12.1.";"bhp";0.479607702359336
"N.palmitoyl.phytosphingosine..t18.0.16.0.";"bhp";0.414393378805122
"X3.indoleglyoxylic.acid";"bhp";-0.472418721810052
"val.val.ala";"bhp";0.37040366449165
"biopterin";"bhp";-0.403096616153009
"N..1..acetylspermidine";"cglB";-0.257282746504613
"glucosamine.6.phosphate";"cglB";0.186808352874844
"glucose.6.phosphate";"cglB";0.266720773731577
"dihydroxyacetone.phosphate..DHAP.";"cglB";-0.00887860417587911
"behenate..22.0..";"cglB";0.00887181884498666
"phosphate";"cglB";0.1330772826748
"uracil";"cglB";-0.00887181884498666
"ribose";"cglB";0.1330772826748
"glucose.1.phosphate";"cglB";0.186450687693461
"N.palmitoyl.sphingosine..d18.1.16.0.";"cglB";0.221795471124667
"N.stearoyl.sphingosine..d18.1.18.0..";"cglB";0.18630819574472
"palmitoylcarnitine..C16.";"cglB";0.239557410309018
"X1.methyl.4.imidazoleacetate";"cglB";0.180169668958027
"delta.tocopherol";"cglB";0.0443590942249333
"gamma.glutamyl.epsilon.lysine";"cglB";0.150936270989945
"N.acetylcitrulline";"cglB";-0.257302403665241
"glycerophosphoethanolamine";"cglB";0.1330772826748
"gamma.glutamylalanine";"cglB";0.168564558054747
"bilirubin..E.E..";"cglB";0.221795471124667
"X.16.or.17..methylstearate..a19.0.or.i19.0.";"cglB";0.150820920364773
"hydroxymethylpyrimidine";"cglB";-0.00887181884498666
"N6.methyllysine";"cglB";-0.07984636960488
"sphingomyelin..d18.2.16.0..d18.1.16.1..";"cglB";0.00887249667811177
"N2.N5.diacetylornithine";"cglB";0.222390896279576
"glutamyl.meso.diaminopimelate";"cglB";0.18630819574472
"X1..1.enyl.palmitoyl..2.linoleoyl.GPC..P.16.0.18.2..";"cglB";-0.00887181884498666
"X1.oleoyl.2.docosahexaenoyl.GPC..18.1.22.6..";"cglB";0.150820920364773
"X2.acetamidobutanoate";"cglB";-0.186450687693461
"gamma.glutamyl.alpha.lysine";"cglB";0.00887181884498666
"N.palmitoyl.sphingadienine..d18.2.16.0..";"cglB";0.221795471124667
"sphingomyelin..d18.0.20.0..d16.0.22.0..";"cglB";0.0621027319149066
"linolenoylcarnitine..C18.3..";"cglB";0.07984636960488
"eicosenoylcarnitine..C20.1..";"cglB";0.07984636960488
"X5.dodecenoylcarnitine..C12.1.";"cglB";0.0443590942249333
"N.palmitoyl.phytosphingosine..t18.0.16.0.";"cglB";0.02661545653496
"X3.indoleglyoxylic.acid";"cglB";-0.0621027319149066
"val.val.ala";"cglB";0.168564558054747
"biopterin";"cglB";-0.176274306331442
"mevalonate";"chiA";-0.425494654987967
"mevalonate.5.diphosphate";"chiA";0.0498093238336257
"S.1.pyrroline.5.carboxylate";"chiA";-0.223388770040659
"putrescine";"chiA";-0.149748209493772
"spermidine";"chiA";-0.211282231726537
"X1.methyladenine";"chiA";-0.294561359560354
"X1.methylnicotinamide";"chiA";0.053518639333082
"alpha.ketoglutarate";"chiA";-0.47453680804566
"kynurenate";"chiA";0.209123143227142
"X3.hydroxy.3.methylglutarate";"chiA";0.162085858061745
"cholate";"chiA";-0.17797058059301
"X4.hydroxyphenylacetate";"chiA";-0.15530015134936
"hypoxanthine";"chiA";-0.0414853433098091
"guanine";"chiA";0.350543439937532
"linoleate..18.2n6.";"chiA";-0.134634589998005
"laurate..12.0.";"chiA";-0.13232128089151
"quinolinate";"chiA";0.0542898012831264
"N..1..acetylspermidine";"chiA";-0.160235210776549
"N6.N6.N6.trimethyllysine";"chiA";-0.207580937156145
"N.acetylputrescine";"chiA";-0.226241630615204
"N.formylmethionine";"chiA";-0.126769339035922
"glycolate..hydroxyacetate.";"chiA";0.185953424801751
"AMP";"chiA";-0.112889484396953
"X2..deoxyadenosine";"chiA";0.345240875821818
"X5.methylthioadenosine..MTA.";"chiA";-0.14621230572842
"arachidonate..20.4n6.";"chiA";-0.12754044207142
"arginine";"chiA";0.0382467105607162
"argininosuccinate";"chiA";-0.309852871527844
"aspartate";"chiA";-0.075259656264635
"X3..4.hydroxyphenyl.lactate..HPLA.";"chiA";-0.413465447634194
"phenylpyruvate";"chiA";-0.22902517211338
"beta.alanine";"chiA";-0.242743235574868
"biliverdin";"chiA";0.318952582538368
"succinate";"chiA";0.0388635929891148
"X3.hydroxybutyrate..BHBA.";"chiA";-0.07757296537113
"cholesterol";"chiA";0.0144967370673682
"phosphocholine";"chiA";-0.290860064989962
"creatinine";"chiA";-0.300575963237241
"cysteinylglycine";"chiA";-0.449356711232775
"cystine";"chiA";-0.371825883717285
"CMP";"chiA";-0.0365502838826199
"glucosamine.6.phosphate";"chiA";0.146980209063808
"glucose.6.phosphate";"chiA";0.14069260136808
"sphingosine";"chiA";0.158230342884253
"dCMP";"chiA";0.0618897617050808
"desmosterol";"chiA";-0.0530518888422837
"dihydroxyacetone.phosphate..DHAP.";"chiA";-0.102094956029703
"cystathionine";"chiA";0.000776099435733518
"sphinganine";"chiA";0.067548625909652
"behenate..22.0..";"chiA";0.181363433949202
"FAD";"chiA";-0.0276139281356257
"fumarate";"chiA";0.0746427738362364
"gamma.glutamylglutamate";"chiA";0.0291476947418361
"gluconate";"chiA";-0.225162086365506
"glutarate..C5.DC.";"chiA";-0.131550177856012
"glycine";"chiA";-0.290243182561564
"guanidinoacetate";"chiA";-0.0997807327934813
"X5...GMP";"chiA";0.105641115863268
"X2..deoxyguanosine";"chiA";0.0741801120149374
"histamine";"chiA";-0.189705839710925
"histidine";"chiA";-0.4106894767064
"inosine";"chiA";-0.259399061141631
"myo.inositol";"chiA";-0.357791808471216
"isoleucine";"chiA";-0.401127799066221
"X2.aminoadipate";"chiA";-0.107645983755564
"X3.sulfo.L.alanine";"chiA";0.140494973067792
"citrulline";"chiA";-0.222386115437713
"saccharopine";"chiA";-0.055673639162978
"lanosterol";"chiA";0.125227132964926
"leucine";"chiA";-0.384163532285258
"lithocholate";"chiA";0.161593180927596
"lysine";"chiA";0.182905640020199
"malate";"chiA";-0.0997807327934813
"methionine";"chiA";-0.454488129122704
"methylmalonate..MMA.";"chiA";-0.231242765458052
"palmitate..16.0.";"chiA";0.214983526296929
"nicotinamide";"chiA";0.133092383927008
"stearate..18.0.";"chiA";0.0768018623356317
"ornithine";"chiA";-0.221615012402214
"orotate";"chiA";-0.142037179138789
"palmitoleate..16.1n7.";"chiA";-0.105486895256169
"phenylalanine";"chiA";-0.392799886282839
"phosphate";"chiA";-0.0362418426684206
"phytosphingosine";"chiA";0.295178241988753
"proline";"chiA";-0.292556491668059
"lactate";"chiA";-0.334967158620466
"pyridoxal";"chiA";0.263254576319123
"pyridoxamine.phosphate";"chiA";0.105266331728586
"retinol..Vitamin.A.";"chiA";0.179899849203029
"riboflavin..Vitamin.B2.";"chiA";0.296103565631351
"serine";"chiA";-0.317848671232403
"serotonin";"chiA";0.249142424240422
"spermine";"chiA";-0.215115789932672
"taurine";"chiA";-0.306282125699929
"myristate..14.0.";"chiA";0.125844015393324
"thiamin.monophosphate";"chiA";0.0957632034039624
"uridine";"chiA";-0.226087410008104
"X2..deoxyuridine";"chiA";-0.235186425826985
"trans.urocanate";"chiA";-0.126306677214623
"glutamate";"chiA";-0.451403716980711
"glutamine";"chiA";-0.253076016250545
"threonine";"chiA";-0.342832409582549
"tryptophan";"chiA";-0.40590863788631
"valine";"chiA";-0.397734945710028
"nicotinate";"chiA";0.163319622918542
"pyridoxamine";"chiA";0.0380924899536165
"glucose";"chiA";-0.215137746904028
"adenosine";"chiA";0.184139404876996
"betaine";"chiA";-0.362572647291305
"cysteine";"chiA";0.144042047031084
"mannose";"chiA";-0.0209804146728776
"dimethylglycine";"chiA";-0.0559820803771773
"alanine";"chiA";-0.419017389489782
"tyrosine";"chiA";-0.454179687908505
"malonate";"chiA";-0.00848213339048141
"pseudouridine";"chiA";-0.120137852930637
"pyruvate";"chiA";-0.125728220282318
"uracil";"chiA";-0.0103327806756774
"cytidine";"chiA";0.0616882428398648
"UMP";"chiA";-0.0603002573759678
"thymidine";"chiA";-0.0473457263795962
"thiamin..Vitamin.B1.";"chiA";-0.126460897821723
"fructose";"chiA";-0.257781418517489
"adenine";"chiA";0.321395745195696
"cytosine";"chiA";0.263254576319123
"thymine";"chiA";-0.136176796069002
"caprate..10.0.";"chiA";-0.204188083799952
"nonadecanoate..19.0.";"chiA";0.0817369217628209
"arachidate..20.0.";"chiA";0.0294561359560354
"maltose";"chiA";-0.117987778356795
"ribose";"chiA";0.139878090639393
"asparagine";"chiA";-0.191387773410681
"fucose";"chiA";-0.175503050879415
"N.stearoyl.sphinganine..d18.0.18.0..";"chiA";0.0501216973073901
"dihydroorotate";"chiA";-0.291103253586177
"heptanoate..7.0.";"chiA";-0.0288392535276368
"caproate..6.0.";"chiA";-0.184293625484096
"caprylate..8.0.";"chiA";0.0490421530576925
"hydroxyproline";"chiA";-0.154220607099662
"allantoin";"chiA";-0.252324190054531
"galactitol..dulcitol.";"chiA";-0.16856879744132
"xanthine";"chiA";-0.128003103892719
"X5.oxoproline";"chiA";-0.129082648142417
"picolinate";"chiA";-0.081407113640582
"sarcosine";"chiA";-0.200702349186866
"pantothenate..Vitamin.B5.";"chiA";-0.156379695599057
"pipecolate";"chiA";0.0359334014542212
"glycerate";"chiA";-0.387093723820152
"X3.ureidopropionate";"chiA";-0.178587463021409
"N.acetylleucine";"chiA";-0.26191253270205
"N.acetylmethionine";"chiA";-0.243822779824566
"N.acetylvaline";"chiA";-0.143425164602686
"erucate..22.1n9.";"chiA";0.00555194185558783
"bilirubin";"chiA";0.335532024805102
"tryptamine";"chiA";0.191248163611014
"guanosine";"chiA";-0.164707608382439
"alpha.tocopherol";"chiA";0.197710818301767
"N.acetylcysteine";"chiA";0.127264294644413
"N.carbamoylaspartate";"chiA";-0.0852933279871136
"N.acetylalanine";"chiA";-0.322012627624094
"X4.acetamidobutanoate";"chiA";-0.17318974177292
"X3.aminoisobutyrate";"chiA";-0.10150818275554
"citrate";"chiA";-0.235957528862483
"tyramine";"chiA";-0.323092171873792
"urate";"chiA";0.0510470209499881
"valerate..5.0.";"chiA";-0.0373213869181182
"oleoyl.ethanolamide";"chiA";0.190616670375182
"gamma.glutamylglutamine";"chiA";-0.243532943824025
"X4.hydroxyphenylpyruvate";"chiA";-0.43335990595005
"butyrate.isobutyrate..4.0.";"chiA";0.00200486789229561
"N.acetylneuraminate";"chiA";-0.181054992735003
"N.1..acetylspermine";"chiA";-0.295561503690991
"phenethylamine";"chiA";-0.300113301415942
"N.acetyl.glucosamine.1.phosphate";"chiA";0.0667826248738459
"N.acetylglucosaminylasparagine";"chiA";-0.186298493376392
"N.acetyl.beta.glucosaminylamine";"chiA";-0.393570989318337
"creatine";"chiA";-0.195705950409471
"dihomolinoleate..20.2n6.";"chiA";-0.032848989312228
"glucose.1.phosphate";"chiA";0.0215302288225905
"gamma.glutamylhistidine";"chiA";-0.265894234071771
"glycerol";"chiA";-0.437523862341741
"choline";"chiA";-0.311834067555517
"anthranilate";"chiA";-0.0860550987616114
"gamma.glutamylleucine";"chiA";-0.513400401034775
"N.acetylsphingosine";"chiA";0.0573876048405183
"NAD.";"chiA";-0.210356908083939
"nicotinamide.ribonucleotide..NMN.";"chiA";0.0891395109036046
"beta.hydroxyisovalerate";"chiA";-0.361184661827408
"palmitoyl.ethanolamide";"chiA";0.325559701587386
"N.palmitoyl.sphingosine..d18.1.16.0.";"chiA";0.123993368108128
"X1.palmitoyl.2.oleoyl.GPE..16.0.18.1.";"chiA";-0.184293625484096
"X1.palmitoyl.2.linoleoyl.GPC..16.0.18.2.";"chiA";-0.373676531002481
"stearoyl.sphingomyelin..d18.1.18.0.";"chiA";-0.140340752460692
"X1.palmitoyl.2.oleoyl.GPC..16.0.18.1.";"chiA";-0.326793466444184
"N.stearoyl.sphingosine..d18.1.18.0..";"chiA";0.0882141872610066
"glycochenodeoxycholate";"chiA";0.0800934617676991
"taurochenodeoxycholate";"chiA";-0.179940509500156
"azelate..C9.DC.";"chiA";-0.352239866615628
"eicosapentaenoate..EPA";"chiA";-0.242280573753569
"X20.5n3.";"chiA";-0.304123037200533
"methylsuccinate";"chiA";-0.0838960102622161
"tricarballylate";"chiA";-0.309829199663221
"ethylmalonate";"chiA";-0.203879642585753
"carnitine";"chiA";-0.0192775758874577
"benzoate";"chiA";0.233952660970187
"X3.phenylpropionate..hydrocinnamate.";"chiA";-0.150210871315071
"phenylacetate";"chiA";0.185695385417236
"xanthurenate";"chiA";0.144615228722346
"suberate..C8.DC.";"chiA";-0.412357708975014
"X3.methyl.2.oxovalerate";"chiA";-0.380924899536165
"methionine.sulfoxide";"chiA";-0.482710500221942
"X3.methylhistidine";"chiA";-0.117516102609942
"X5.hydroxylysine";"chiA";-0.25554354596414
"X4.guanidinobutanoate";"chiA";0.0537773177436391
"X5..2.Hydroxyethyl..4.methylthiazole";"chiA";-0.200486789229561
"cadaverine";"chiA";-0.0854382163332127
"diaminopimelate";"chiA";-0.0763581268391291
"X2..deoxycytidine";"chiA";0.140494973067792
"X2..deoxyinosine";"chiA";0.185850029960703
"dipicolinate";"chiA";-0.00324359237336002
"FMN";"chiA";-0.111038837111757
"glucuronate";"chiA";-0.103019365542574
"glycerol.3.phosphate";"chiA";-0.186761155197691
"imidazole.lactate";"chiA";-0.257403509321146
"indole";"chiA";-0.37133443696209
"kynurenine";"chiA";-0.243205897396167
"glycerophosphorylcholine..GPC.";"chiA";0.0373323041535335
"allo.threonine";"chiA";-0.0550609632331708
"maltotriose";"chiA";0.197402377087567
"N.acetylglutamate";"chiA";-0.0829706866196182
"N.acetylmuramate";"chiA";0.361184661827408
"N.alpha.acetylornithine";"chiA";-0.145903840948402
"protoporphyrin.IX";"chiA";-0.135292821089071
"xanthosine";"chiA";-0.476597466696483
"ribitol";"chiA";-0.138798546389696
"X2.isopropylmalate";"chiA";-0.14135398544314
"quinate";"chiA";-0.0985646283381568
"gentisate";"chiA";-0.23734551432638
"X5.aminovalerate";"chiA";-0.448936187267116
"indolelactate";"chiA";0.114312406416194
"X2..deoxyadenosine.5..monophosphate";"chiA";-0.522190975639455
"glycylvaline";"chiA";-0.351417824500137
"gamma.glutamylphenylalanine";"chiA";-0.407790439183484
"X4.methyl.2.oxopentanoate";"chiA";-0.0478120409027534
"X1.5.anhydroglucitol..1.5.AG.";"chiA";-0.317690093576344
"X1.stearoyl.2.arachidonoyl.GPI..18.0.20.4.";"chiA";-0.11630724878573
"X1.oleoyl.GPS..18.1.";"chiA";0.222386115437713
"N.oleoyl.sphingosine..d18.1.18.1..";"chiA";-0.311693781401929
"X1.palmitoyl.2.oleoyl.GPG..16.0.18.1.";"chiA";0.0505843591286891
"X1.stearoyl.GPI..18.0.";"chiA";-0.032848989312228
"X1.2.dipalmitoyl.GPC..16.0.16.0.";"chiA";-0.161777416847545
"docosahexaenoate..DHA";"chiA";-0.0351622984187229
"X22.6n3.";"chiA";0.202800098336056
"X1.myristoyl.2.palmitoyl.GPC..14.0.16.0.";"chiA";0.111278100222851
"N.acetylglucosamine.6.sulfate";"chiA";-0.373059648574082
"glucosamine.6.sulfate";"chiA";0.15036509192217
"alpha.hydroxyisocaproate";"chiA";-0.0240584147075473
"maleate";"chiA";0.00987011885437837
"isovalerate..C5.";"chiA";-0.343975248355846
"X4.ureidobutyrate";"chiA";-0.436688175061752
"X2.hydroxyoctanoate";"chiA";-0.380924899536165
"isoxanthopterin";"chiA";-0.463432924334484
"mevalonolactone";"chiA";0.0289934741347365
"phenyllactate..PLA.";"chiA";-0.183214081234398
"palmitoylcarnitine..C16.";"chiA";-0.0208213726511991
"N.acetylaspartate..NAA.";"chiA";0.086131484953752
"acetylcarnitine..C2.";"chiA";-0.243360118003267
"isocaproate..i6.0.";"chiA";-0.02282464985075
"cysteine.s.sulfate";"chiA";-0.1824429781989
"X6.hydroxynicotinate";"chiA";-0.289009417704767
"X1.palmitoylglycerol..16.0.";"chiA";-0.224390983330008
"oxalate..ethanedioate.";"chiA";-0.193855303124275
"X4.hydroxybenzoate";"chiA";-0.367172643045527
"X1.oleoylglycerol..18.1.";"chiA";-0.274050018816099
"X3.methyl.2.oxobutyrate";"chiA";-0.180113097031993
"X2.oleoylglycerol..18.1.";"chiA";-0.156071254384858
"X2.linoleoylglycerol..18.2.";"chiA";-0.435056332628146
"X3.hydroxydecanoate";"chiA";-0.56568118684156
"N.acetylglycine";"chiA";-0.07757296537113
"ribonate";"chiA";-0.527452021513999
"threonate";"chiA";0.0458453191174145
"galactonate";"chiA";-0.116744999574444
"beta.sitosterol";"chiA";-0.182134536984701
"indoleacetate";"chiA";-0.0715583616942432
"X1.linoleoylglycerol..18.2.";"chiA";-0.133863486962507
"erythrose";"chiA";-0.225007865758407
"X2.palmitoylglycerol..16.0.";"chiA";0.36839139881494
"X1.methylhistidine";"chiA";0.0305375123933715
"nicotinic.acid.mononucleotide..NaMN.";"chiA";0.170567991452226
"X7.ketodeoxycholate";"chiA";-0.0491738100813162
"X6.oxolithocholate";"chiA";-0.149131327065373
"indolepropionate";"chiA";-0.00339285335619256
"trigonelline..N..methylnicotinate.";"chiA";-0.319699318517599
"dodecanedioate..C12.";"chiA";-0.178895904235608
"glutamate..gamma.methyl.ester";"chiA";-0.103944689185172
"N.acetyltyrosine";"chiA";0.291168506204162
"X3.hydroxylaurate";"chiA";-0.334498856801146
"pyridoxate";"chiA";0.148408270961612
"threonylphenylalanine";"chiA";-0.0957272942427494
"X1.methylguanine";"chiA";-0.19027732845
"X5.hydroxyhexanoate";"chiA";-0.0935975919494623
"propionylglycine..C3.";"chiA";-0.0430275493808057
"butyrylglycine..C4.";"chiA";-0.184293625484096
"X2.hydroxyadipate";"chiA";-0.254650168099412
"propionylcarnitine..C3.";"chiA";-0.0484252706292939
"prolylhydroxyproline";"chiA";0.097621644294086
"docosapentaenoate..DPA";"chiA";-0.139261208210995
"X22.5n3.";"chiA";-0.325818001344159
"docosadienoate..22.2n6.";"chiA";-0.183214081234398
"myristoleate..14.1n5.";"chiA";-0.274358460030299
"X1.methylhistamine";"chiA";0.0180438110306605
"X4.imidazoleacetate";"chiA";-0.289472079526066
"X1.methyl.4.imidazoleacetate";"chiA";0.214784154456549
"sebacate..C10.DC.";"chiA";0.401743327545588
"guanidinosuccinate";"chiA";0.160885413027558
"delta.tocopherol";"chiA";0.151444636171868
"daidzein";"chiA";0.0311525626341317
"I.urobilinogen";"chiA";-0.294561359560354
"nervonate..24.1n9..";"chiA";0.0482710500221942
"N.acetylglutamine";"chiA";-0.511897302439479
"N.acetylphenylalanine";"chiA";-0.422256022238875
"N.acetylasparagine";"chiA";-0.280218843100086
"glycylleucine";"chiA";0.148782369784783
"gamma.glutamyl.epsilon.lysine";"chiA";0.140448087659909
"X1.palmitoyl.GPC..16.0.";"chiA";-0.15946410774105
"N.acetylarginine";"chiA";-0.20079523044376
"campesterol";"chiA";-0.35594116118602
"myristoylcarnitine..C14.";"chiA";-0.119829411716437
"X1.stearoyl.GPC..18.0.";"chiA";-0.235803308255383
"X1.oleoyl.GPC..18.1.";"chiA";-0.21020911581626
"N.acetylthreonine";"chiA";-0.140803414281991
"phenylacetylglycine";"chiA";-0.108725528005262
"N.acetylisoleucine";"chiA";-0.151753077386067
"X10.heptadecenoate..17.1n7.";"chiA";0.230097145792696
"hyocholate";"chiA";-0.226858513043603
"N.acetylhistidine";"chiA";-0.190616670375182
"stachydrine";"chiA";0.00632304489108614
"alpha.hydroxyisovalerate";"chiA";-0.217296835403424
"nicotinamide.riboside";"chiA";0.0407142402743108
"gamma.glutamylthreonine";"chiA";0.1367936784974
"p.cresol.sulfate";"chiA";-0.0516639033783868
"nicotinate.ribonucleoside";"chiA";-0.0326947687051283
"erythronate.";"chiA";-0.306590566914128
"N.acetylproline";"chiA";-0.168100461738632
"eicosenoate..20.1n9.or.1n11.";"chiA";-0.308994854044752
"linolenate..18.3n3.or.3n6.";"chiA";-0.382898356836166
"stearoylcarnitine..C18.";"chiA";0.31029186148452
"laurylcarnitine..C12.";"chiA";0.339593776833456
"X1.linoleoyl.GPC..18.2.";"chiA";0.168357889855353
"X1.methylurate";"chiA";-0.392829897352622
"X1.methylxanthine";"chiA";-0.455259929001282
"beta.guanidinopropanoate";"chiA";-0.0146509576744679
"orotidine";"chiA";-0.205427516979468
"X4.hydroxyhippurate";"chiA";-0.140494973067792
"X5.6.dihydrouridine";"chiA";-0.189891316917787
"X1.margaroylglycerol..17.0.";"chiA";-0.261498950126535
"X1.pentadecanoylglycerol..15.0.";"chiA";0.116744999574444
"X1.arachidonylglycerol..20.4.";"chiA";-0.126769339035922
"X1.linolenoylglycerol..18.3.";"chiA";-0.333472187337346
"X3.ketosphinganine";"chiA";0.446777098767721
"X5.methyluridine..ribothymidine.";"chiA";-0.19601439162367
"isovalerylglycine";"chiA";-0.0408684608814104
"X7.methylguanine";"chiA";-0.206132010130822
"X1.stearoyl.GPE..18.0.";"chiA";0.234723764005686
"X1.stearoyl.GPG..18.0.";"chiA";-0.0308441214199324
"X1.dihomo.linoleoylglycerol..20.2.";"chiA";-0.142184098252171
"gamma.glutamylisoleucine.";"chiA";-0.0128003103892719
"N.glycolylneuraminate";"chiA";-0.105178454041969
"diacetylchitobiose";"chiA";-0.0506401291445783
"pantetheine";"chiA";-0.374975710096413
"oleoylcarnitine..C18.1.";"chiA";0.0166558255667635
"X4.hydroxybutyrate..GHB.";"chiA";-0.374756075252179
"X1.palmitoleoyl.GPC...16.1..";"chiA";-0.373676531002481
"malonylcarnitine";"chiA";-0.396250946841493
"glutamine_degradant.";"chiA";-0.0396346960246131
"X2.hydroxy.3.methylvalerate";"chiA";0.044723976058902
"X1.arachidonoyl.GPC...20.4..";"chiA";-0.26017016417713
"X2.palmitoyl.GPC...16.0..";"chiA";-0.339014710342615
"X1.palmitoyl.GPE..16.0.";"chiA";-0.214024438347611
"X1.oleoyl.GPE..18.1.";"chiA";-0.238116617361878
"X1.linoleoyl.GPE..18.2..";"chiA";-0.381850223178763
"X1.arachidonoyl.GPE..20.4n6..";"chiA";-0.190043451585419
"N.acetylcitrulline";"chiA";-0.330057314619007
"gulonate.";"chiA";0.0587580513049712
"isobutyrylglycine..C4.";"chiA";0.253076016250545
"beta.hydroxyisovaleroylcarnitine";"chiA";0.237061250620662
"X2.methylmalonylcarnitine..C4.DC.";"chiA";-0.0566032871332597
"cholesterol.sulfate";"chiA";-0.0291476947418361
"X7.HOCA";"chiA";0.102223861488489
"tetradecanedioate..C14.";"chiA";-0.198481921337265
"hexadecanedioate..C16.";"chiA";0.133863486962507
"octadecanedioate..C18.";"chiA";-0.0795778332634256
"X1.myristoylglycerol..14.0.";"chiA";-0.134788810605105
"glycerophosphoglycerol";"chiA";0.0351891911939113
"glycerophosphoethanolamine";"chiA";0.0484252706292939
"glycerophosphoinositol.";"chiA";0.0177353698164611
"X3..3.hydroxyphenyl.propionate";"chiA";0.067085964088353
"sedoheptulose.7.phosphate";"chiA";-0.391257680211842
"X1.palmitoyl.GPI...16.0.";"chiA";-0.304818651789363
"deoxycarnitine";"chiA";0.186298493376392
"X1.ribosyl.imidazoleacetate.";"chiA";-0.217759497224723
"X1.stearoyl.GPA..18.0.";"chiA";-0.316614906375606
"N2.acetyllysine";"chiA";-0.0788067302279273
"X3.4.dihydroxybutyrate";"chiA";-0.133400825141208
"N6.acetyllysine";"chiA";-0.0860324262838823
"mannitol.sorbitol";"chiA";-0.416106564468185
"N6.carboxymethyllysine";"chiA";-0.148051782815675
"X1.oleoyl.GPI..18.1.";"chiA";-0.300267522023042
"glycylisoleucine";"chiA";0.175965712700714
"methylphosphate";"chiA";-0.412077462170297
"dimethylarginine..ADMA...SDMA.";"chiA";0.121217397180334
"N.methylalanine";"chiA";-0.335738261655964
"gamma.glutamylalanine";"chiA";0.0348538572045236
"N.acetylserine";"chiA";-0.413773888848393
"X1.stearoyl.2.oleoyl.GPE..18.0.18.1.";"chiA";-0.211899114154936
"N.arachidoyl.sphingosine..d18.1.20.0..";"chiA";-0.306714497001886
"X1.stearoyl.2.arachidonoyl.GPC..18.0.20.4.";"chiA";-0.0598061911738624
"X1.palmitoyl.2.linoleoyl.GPE..16.0.18.2.";"chiA";0.333163273777979
"alanylleucine";"chiA";0.188457581875787
"succinylcarnitine..C4.DC.";"chiA";0.254001339893143
"bilirubin..E.E..";"chiA";0.265722106032718
"N.methylproline";"chiA";-0.0988759352685635
"alpha.tocotrienol";"chiA";-0.164338508274921
"gamma.tocotrienol";"chiA";0.0730233157515357
"taurocholenate.sulfate.";"chiA";0.293173374096457
"X21.hydroxypregnenolone.disulfate";"chiA";-0.218530600260221
"X5alpha.pregnan.3beta.20beta.diol.monosulfate..1.";"chiA";-0.245827647716861
"X5alpha.pregnan.3beta.ol.20.one.sulfate";"chiA";-0.341162046699647
"X2.hydroxyglutarate";"chiA";-0.157305019241655
"norvaline";"chiA";-0.139415428818094
"N.acetyl.beta.alanine";"chiA";0.17254148742148
"sphingomyelin..d18.1.18.1..d18.2.18.0.";"chiA";-0.211744893547836
"palmitoyl.sphingomyelin..d18.1.16.0.";"chiA";-0.667466787527337
"pregnenolone.sulfate";"chiA";-0.129584914156009
"N1.N12.diacetylspermine";"chiA";-0.321704186409895
"ergothioneine";"chiA";0.0595291543404695
"indole.3.carboxylate";"chiA";-0.249220501073054
"X13.HODE...9.HODE";"chiA";0.205576069263849
"X4.cholesten.3.one";"chiA";-0.221923453616414
"N.acetyl.cadaverine";"chiA";0.310750214067701
"stearoyl.ethanolamide";"chiA";-0.542422861627198
"X2S.3R.dihydroxybutyrate";"chiA";0.0346996365974239
"oleanolate";"chiA";-0.0242126353146469
"S.carboxymethyl.L.cysteine";"chiA";-0.367045044897196
"X.16.or.17..methylstearate..a19.0.or.i19.0.";"chiA";0.012337648567973
"X2R.3R.dihydroxybutyrate";"chiA";-0.217913717831822
"alpha.ketoglutaramate.";"chiA";-0.53841005912263
"piperidine";"chiA";-0.357473745932475
"X2.3.dihydroxyisovalerate";"chiA";-0.13216706028441
"X3.methylglutaconate";"chiA";0.148251312504672
"cysteinylglycine.disulfide.";"chiA";-0.331882746478473
"formiminoglutamate";"chiA";-0.170389767886307
"hydantoin.5.propionate";"chiA";-0.154016084405632
"sulfate.";"chiA";0.294252918346155
"X4.hydroxyglutamate";"chiA";0.23289688382286
"cortolone";"chiA";0.0137256340318699
"L.urobilin";"chiA";-0.426265758023466
"D.urobilin";"chiA";-0.182344486348098
"pantoate";"chiA";0.29725606245383
"sedoheptulose";"chiA";0.0924585573661677
"gamma.carboxyglutamate";"chiA";-0.055673639162978
"X8.hydroxyguanine";"chiA";-0.0218238831862568
"S.methylcysteine";"chiA";-0.28545551386827
"argininate.";"chiA";0.0561546583397292
"X2.oxoarginine.";"chiA";0.233847564441289
"cis.4.decenoate..10.1n6..";"chiA";-0.318619774267902
"X1.lignoceroyl.GPC..24.0.";"chiA";0.272906733246543
"X1..1.enyl.palmitoyl..GPC..P.16.0..";"chiA";-0.213132879011733
"X1.methyl.5.imidazoleacetate";"chiA";0.173035521165821
"tauroursodeoxycholate";"chiA";0.0567531834126756
"X3..4.hydroxyphenyl.propionate";"chiA";-0.0385551517749155
"X16.hydroxypalmitate";"chiA";-0.163093524465726
"X1..1.enyl.palmitoyl..GPE..P.16.0..";"chiA";0.0718224025529718
"X1..1.enyl.stearoyl..GPE..P.18.0..";"chiA";-0.0712499204800438
"X2.oxindole.3.acetate";"chiA";0.0729519204742011
"N.oleoyltaurine";"chiA";-0.342858602989744
"linoleoylcarnitine..C18.2..";"chiA";-0.334812938013366
"N.methyl.GABA";"chiA";-0.265356747496786
"glutaminylleucine";"chiA";-0.394163653765016
"isoleucylglycine";"chiA";-0.422410242845974
"leucylalanine";"chiA";-0.423350664232012
"leucylglutamine.";"chiA";0.188344970688815
"leucylglycine";"chiA";0.116769325440961
"lysylleucine";"chiA";-0.441379377519233
"N.palmitoyltaurine";"chiA";0.211590672940736
"N.stearoyltaurine";"chiA";0.179975448485306
"X2.O.methylascorbic.acid";"chiA";-0.181363433949202
"carboxyethyl.GABA";"chiA";-0.372848793842708
"hydroxymethylpyrimidine";"chiA";-0.272816253959302
"trimethylamine.N.oxide";"chiA";-0.0208197819584544
"X3..sialyllactose";"chiA";0.0627357013924871
"N6.methyllysine";"chiA";-0.10055183582898
"cis.urocanate";"chiA";-0.33222754983759
"dihydroferulate";"chiA";-0.435706501775091
"imidazole.propionate";"chiA";-0.417513481822496
"tyrosol";"chiA";-0.416045173985408
"phenylalanylglycine";"chiA";-0.478392323223152
"phenylalanylalanine";"chiA";-0.417927731333758
"tryptophylglycine";"chiA";0.0257548413856436
"valylglycine";"chiA";-0.421947581024675
"prolylglycine";"chiA";-0.0146509576744679
"N.palmitoylglycine";"chiA";0.0904350535854267
"mannonate.";"chiA";-0.0698619350161469
"X2.stearoyl.GPE..18.0..";"chiA";-0.341444424118652
"nicotianamine";"chiA";0.0741951060561243
"margaroylcarnitine..C17..";"chiA";-0.141111855496191
"histidine.betaine..hercynine..";"chiA";0.132639855407638
"glycohyocholate";"chiA";-0.276825989743893
"taurohyocholate.";"chiA";-0.0925497498366886
"X3b.hydroxy.5.cholenoic.acid";"chiA";-0.343757733225147
"pterin";"chiA";-0.182134536984701
"dimethylmalonic.acid";"chiA";-0.0724836853368411
"X2.piperidinone";"chiA";0.0968505412585877
"N.acetyl.1.methylhistidine.";"chiA";-0.223002997866111
"indolin.2.one";"chiA";-0.21436664386853
"X1.stearoyl.GPS..18.0..";"chiA";-0.280695190643931
"sphingomyelin..d18.1.14.0..d16.1.16.0..";"chiA";0.0698619350161469
"sphingomyelin..d18.2.16.0..d18.1.16.1..";"chiA";-0.583769596183618
"N.monomethylarginine";"chiA";0.0189981839011087
"X6.oxopiperidine.2.carboxylate";"chiA";-0.212361775976235
"N.delta.acetylornithine";"chiA";-0.508156900393386
"acisoga";"chiA";-0.367199265504295
"N.formylanthranilic.acid";"chiA";0.258319516891934
"N2.N5.diacetylornithine";"chiA";0.168629056269419
"methionine.sulfone";"chiA";-0.185527390340893
"X1.methylhypoxanthine";"chiA";-0.180592330913704
"coprostanol";"chiA";-0.350771346661933
"X1..1.enyl.oleoyl..GPE..P.18.1..";"chiA";-0.203725421978653
"fructosyllysine";"chiA";-0.235204394763545
"O.sulfo.L.tyrosine";"chiA";-0.122175312729894
"N.acetylmethionine.sulfoxide";"chiA";-0.0496590354860912
"N.acetyltaurine";"chiA";0.18706959641189
"X1.oleoyl.GPG..18.1..";"chiA";0.126163795292995
"X1.palmitoyl.GPG..16.0..";"chiA";-0.0792693920492263
"X1.palmitoyl.GPS..16.0..";"chiA";-0.0706330380516452
"N.linoleoyltaurine.";"chiA";-0.00444350725321101
"X10.hydroxystearate";"chiA";-0.0183522522448598
"methyl.glucopyranoside..alpha...beta.";"chiA";-0.379963678022173
"alpha.CEHC.sulfate";"chiA";0.0474999469866959
"sphingomyelin..d18.1.24.1..d18.2.24.0..";"chiA";-0.170876432666425
"myristoleoylcarnitine..C14.1..";"chiA";-0.122158051184456
"N.formylphenylalanine";"chiA";-0.252227921223662
"arabonate.xylonate";"chiA";-0.235340646434084
"X1.dihomo.linolenylglycerol..20.3.";"chiA";-0.0390178135962145
"ribulose.xylulose";"chiA";-0.0720265261341479
"N.acetylhistamine";"chiA";-0.0107954424969763
"sphingomyelin..d18.1.20.0..d16.1.22.0..";"chiA";-0.128928427535317
"sphingomyelin..d18.1.20.1..d18.2.20.0..";"chiA";-0.202887153305547
"behenoyl.sphingomyelin..d18.1.22.0..";"chiA";0.0441070936305033
"sphingomyelin..d18.1.22.1..d18.2.22.0..d16.1.24.1..";"chiA";-0.170259550238027
"sphingomyelin..d18.1.22.2..d18.2.22.1..d16.1.24.2..";"chiA";-0.315622350840125
"lignoceroyl.sphingomyelin..d18.1.24.0.";"chiA";-0.254765640478716
"sphingomyelin..d17.1.16.0..d18.1.15.0..d16.1.17.0..";"chiA";0.183662883862958
"X3.hydroxyhexanoate";"chiA";-0.259828962170832
"N.carbamoylalanine";"chiA";-0.195392614260928
"X3beta.hydroxy.5.cholestenoate";"chiA";-0.0596833749475692
"C.glycosyltryptophan";"chiA";0.107239225999046
"arabitol.xylitol";"chiA";0.203263880712198
"N.acetylglucosamine.N.acetylgalactosamine";"chiA";-0.29193960923966
"X2.pyrrolidineacetic.acid";"chiA";-0.43335990595005
"linoleoyl.ethanolamide";"chiA";-0.404335785717738
"X1.stearoyl.2.oleoyl.GPC..18.0.18.1.";"chiA";-0.361817556938966
"X1.palmitoyl.2.arachidonoyl.GPC..16.0.20.4n6.";"chiA";-0.242126353146469
"X1.palmitoyl.2.docosahexaenoyl.GPC..16.0.22.6.";"chiA";-0.091459807275267
"X1.stearoyl.2.docosahexaenoyl.GPC..18.0.22.6.";"chiA";0.0363960632755202
"X1..1.enyl.stearoyl..2.oleoyl.GPE..P.18.0.18.1.";"chiA";-0.393108327497038
"sphingomyelin..d18.1.17.0..d17.1.18.0..d19.1.16.0.";"chiA";-0.325559701587386
"X1.palmitoyl.2.stearoyl.GPC..16.0.18.0.";"chiA";-0.0521265651996858
"X2.hydroxybutyrate.2.hydroxyisobutyrate";"chiA";-0.134490644087745
"X2.methylcitrate.homocitrate";"chiA";-0.278987033394659
"oleate.vaccenate..18.1.";"chiA";0.0103327806756774
"X1.palmitoleoylglycerol..16.1..";"chiA";0.00755680974788344
"X2.palmitoleoylglycerol..16.1..";"chiA";-0.0720761065243709
"palmitoyl.dihydrosphingomyelin..d18.0.16.0..";"chiA";-0.05474831552038
"tricosanoyl.sphingomyelin..d18.1.23.0..";"chiA";-0.40375002209348
"sphingomyelin..d18.2.23.0..d18.1.23.1..d17.1.24.1..";"chiA";-0.425957316809266
"sphingomyelin..d18.2.24.1..d18.1.24.2..";"chiA";-0.28731299102667
"X1.stearoyl.2.arachidonoyl.GPE..18.0.20.4.";"chiA";-0.0936312641642672
"X1.stearoyl.2.linoleoyl.GPC..18.0.18.2..";"chiA";-0.277732234883524
"X1.palmitoyl.2.palmitoleoyl.GPC..16.0.16.1..";"chiA";-0.281204852435554
"glutamyl.meso.diaminopimelate";"chiA";0.14620113553048
"X1.palmitoyl.2.arachidonoyl.GPE..16.0.20.4..";"chiA";-0.217980337741001
"X1.stearoyl.2.linoleoyl.GPI..18.0.18.2.";"chiA";-0.229677231389826
"gamma.tocopherol.beta.tocopherol";"chiA";-0.119983632323537
"X1..1.enyl.stearoyl..2.arachidonoyl.GPE..P.18.0.20.4..";"chiA";-0.0363960632755202
"X1..1.enyl.palmitoyl..2.arachidonoyl.GPE..P.16.0.20.4..";"chiA";-0.0809907937389418
"X1..1.enyl.palmitoyl..2.oleoyl.GPE..P.16.0.18.1..";"chiA";-0.207880570504481
"X1..1.enyl.palmitoyl..2.oleoyl.GPC..P.16.0.18.1..";"chiA";-0.0985770954115354
"X1..1.enyl.palmitoyl..2.linoleoyl.GPC..P.16.0.18.2..";"chiA";0.0576785070552736
"X1..1.enyl.palmitoyl..2.arachidonoyl.GPC..P.16.0.20.4..";"chiA";0.0188149140661588
"sphingomyelin..d18.1.21.0..d17.1.22.0..d16.1.23.0..";"chiA";-0.0225162086365506
"behenoyl.dihydrosphingomyelin..d18.0.22.0..";"chiA";-0.0391720342033141
"sphingomyelin..d18.0.18.0..d19.0.17.0..";"chiA";-0.0283276294042734
"N.palmitoyl.sphinganine..d18.0.16.0.";"chiA";-0.0350080778116233
"lactosyl.N.palmitoyl.sphingosine..d18.1.16.0.";"chiA";-0.0607629191972668
"myristoyl.dihydrosphingomyelin..d18.0.14.0..";"chiA";-0.150557263200265
"PAHSA..16.0.OH.18.0.";"chiA";-0.372858666156718
"X1.palmitoyl.2.oleoyl.GPI..16.0.18.1..";"chiA";-0.402840440042468
"X1..1.enyl.palmitoyl..2.linoleoyl.GPE..P.16.0.18.2..";"chiA";-0.366921708888229
"X1.oleoyl.2.linoleoyl.GPE..18.1.18.2..";"chiA";0.20094945105086
"X1.oleoyl.2.docosahexaenoyl.GPC..18.1.22.6..";"chiA";0.0316152244554307
"X1.palmitoyl.2.gamma.linolenoyl.GPC..16.0.18.3n6..";"chiA";-0.239509882137656
"X1..1.enyl.palmitoyl..2.palmitoyl.GPC..P.16.0.16.0..";"chiA";-0.0937732931254002
"X1.2.dipalmitoyl.GPE..16.0.16.0..";"chiA";-0.272176046800274
"X1.linoleoyl.GPG..18.2..";"chiA";-0.243514338610366
"thioproline";"chiA";0.261866590855226
"palmitoylcholine";"chiA";0.112426822575654
"X2.acetamidobutanoate";"chiA";-0.251571849324892
"X2.methylserine";"chiA";-0.398506048745527
"ursodeoxycholate.sulfate..1.";"chiA";-0.175811492093615
"X.S..3.hydroxybutyrylcarnitine";"chiA";-0.11427746986085
"glycosyl.N.palmitoyl.sphingosine..d18.1.16.0.";"chiA";0.220294354065215
"hexadecadienoate..16.2n6.";"chiA";-0.2643582004115
"palmitoleoylcarnitine..C16.1..";"chiA";-0.0343911953832246
"X3.methylglutarate.2.methylglutarate";"chiA";0.0325654357101547
"X1.linoleoyl.galactosylglycerol..18.2..";"chiA";-0.353094868364278
"X1.palmitoyl.galactosylglycerol..16.0..";"chiA";-0.181671875163402
"X2..O.methylcytidine";"chiA";0.157613460455855
"X2..O.methyluridine";"chiA";0.0308441214199324
"gamma.glutamyl.alpha.lysine";"chiA";0.25091692775115
"N.palmitoyl.sphingadienine..d18.2.16.0..";"chiA";0.0817369217628209
"N.behenoyl.sphingadienine..d18.2.22.0..";"chiA";0.0297645771702348
"X2.hydroxybehenate";"chiA";0.173652403594219
"X2.hydroxynervonate.";"chiA";-0.0778814065853293
"N..2.hydroxypalmitoyl..sphingosine..d18.1.16.0.2OH..";"chiA";-0.216834173582125
"sphingadienine";"chiA";0.043335990595005
"OAHSA..18.1.OH.18.0.";"chiA";0.200486789229561
"LAHSA..18.2.OH.18.0..";"chiA";0.144207284658305
"glycerophosphoserine.";"chiA";-0.190308229160983
"hexadecasphingosine..d16.1..";"chiA";0.129082648142417
"heptadecasphingosine..d17.1.";"chiA";0.0926865848668968
"ceramide..d16.1.24.1..d18.1.22.1..";"chiA";-0.0129545309963716
"ceramide..d18.1.14.0..d16.1.16.0..";"chiA";-0.321087303981496
"ceramide..d18.1.17.0..d17.1.18.0..";"chiA";0.11396902864665
"ceramide..d18.2.24.1..d18.1.24.2..";"chiA";-0.054906730843162
"glycosyl.N..2.hydroxynervonoyl..sphingosine..d18.1.24.1.2OH...";"chiA";-0.179942148331639
"sphingomyelin..d18.0.20.0..d16.0.22.0..";"chiA";0.0630762283037617
"sphingomyelin..d18.1.19.0..d19.1.18.0..";"chiA";-0.00308913559367621
"linolenoylcarnitine..C18.3..";"chiA";0.201874774693458
"behenoylcarnitine..C22..";"chiA";0.0240590825077391
"arachidoylcarnitine..C20..";"chiA";0.053169633185537
"lignoceroylcarnitine..C24..";"chiA";-0.274885205906822
"cerotoylcarnitine..C26..";"chiA";-0.10999290927766
"ximenoylcarnitine..C26.1..";"chiA";-0.15961832834815
"arachidonoylcarnitine..C20.4.";"chiA";-0.102564539355906
"eicosenoylcarnitine..C20.1..";"chiA";0.128311545106919
"dihomo.linoleoylcarnitine..C20.2..";"chiA";0.0959252176159898
"pentadecanoylcarnitine..C15..";"chiA";-0.0117243493760199
"nervonoylcarnitine..C24.1..";"chiA";0.055844927291042
"arachidoyl.ethanolamide..20.0..";"chiA";0.118218169204925
"behenoyl.ethanolamide..22.0..";"chiA";0.272528633145694
"lignoceroyl.ethanolamide..24.0..";"chiA";0.217142614796324
"erucoyl.ethanolamide..22.1..";"chiA";-0.0215908849939527
"margaroyl.ethanolamide.";"chiA";-0.342523968368349
"hexadecasphinganine..d16.0..";"chiA";-0.180746551520804
"eicosanoylsphingosine..d20.1..";"chiA";0.140170597950125
"X3.sulfo.palmitoyl.galactosylceramide..d18.1.16.0.";"chiA";-0.32617657494325
"N.N.N.trimethyl.5.aminovalerate";"chiA";-0.165016049596638
"carotene.diol..1.";"chiA";-0.163011181704343
"X5.dodecenoylcarnitine..C12.1.";"chiA";0.235494867041184
"N.palmitoyl.phytosphingosine..t18.0.16.0.";"chiA";0.280989946135584
"X3.hydroxyoleoylcarnitine";"chiA";0.102588057040174
"X2.hydroxyarachidate.";"chiA";-0.165375033303859
"X2.hydroxylignocerate.";"chiA";-0.170105329630927
"cytidine.2..or.3..monophosphate..2..or.3..CMP.";"chiA";-0.244902324074263
"X2.hydroxyheptanoate.";"chiA";-0.0723294647297415
"lyxonate";"chiA";0.107029101327165
"N.N.N.trimethyl.alanylproline.betaine..TMAP.";"chiA";-0.12322226507263
"X3.formylindole";"chiA";-0.14589269431628
"gamma.glutamylcitrulline.";"chiA";-0.0357791808471216
"diacetylspermidine.";"chiA";0.0859768503308548
"tetradecadienoate..14.2..";"chiA";-0.185502592400256
"X3.amino.2.piperidone";"chiA";0.147126459173078
"N.N.dimethylalanine";"chiA";-0.189827382231403
"X3.indoleglyoxylic.acid";"chiA";-0.201103671657959
"X2.hydroxysebacate";"chiA";0.0300730183844341
"ascorbic.acid.3.sulfate.";"chiA";0.0834397229948051
"N6.N6.dimethyllysine";"chiA";0.0512404012121866
"N.acetyl.isoputreanine";"chiA";0.103027236525933
"N2.acetyl.N6.methyllysine";"chiA";-0.275230002825826
"X5alpha.pregnan.3beta.20beta.diol.disulfate.";"chiA";-0.245337267572374
"X2.palmitoyl.galactosylglycerol..16.0..";"chiA";0.287156119999484
"X1.heptadecenoylglycerol..17.1..";"chiA";-0.129276378646114
"X2.heptadecenoylglycerol..17.1..";"chiA";-0.00666526087981651
"X2.6.dihydroxybenzoic.acid";"chiA";-0.18119346693707
"N.N.dimethyl.5.aminovalerate";"chiA";0.02282464985075
"tauroursodeoxycholic.acid.sulfate..2.";"chiA";-0.113995094023527
"tetrahydrocortisol.sulfate..1.";"chiA";-0.0126460897821723
"tetrahydrocortisol.disulfate";"chiA";0.293173374096457
"X2.3.dihydroxy.5.methylthio.4.pentenoate..DMTPA..";"chiA";0.0879445873937454
"hydroxypalmitoyl.sphingomyelin..d18.1.16.0.OH....";"chiA";-0.182259000026896
"vitamin.D3.sulfate";"chiA";-0.139458050472657
"pregnenetriol.sulfate.";"chiA";0.102402483114176
"hydroxy.N6.N6.N6.trimethyllysine.";"chiA";0.0991480203464472
"palmitoyl.sphingosine.phosphoethanolamine..d18.1.16.0.";"chiA";-0.250136198126989
"carboxymethylproline";"chiA";-0.0180714432230058
"stigmastadienone";"chiA";0.20862960821969
"succinoyltaurine";"chiA";-0.47278167367085
"N.stearoyl.phytosphingosine..t18.0.18.0..";"chiA";-0.184139404876996
"X3.5.dihydroxyphenylpropionate";"chiA";-0.0700078566557533
"vanillic.acid.glycine";"chiA";-0.49273483968342
"X2.hydroxy.4..methylthio.butanoic.acid";"chiA";-0.290384470983028
"N.succinyl.phenylalanine";"chiA";-0.011874986746674
"X1.methyl.5.imidazolelactate";"chiA";0.02483141479143
"X.2.or.3..decenoate..10.1n7.or.n8.";"chiA";-0.16418755680389
"N.carbamoylputrescine";"chiA";-0.296257786238451
"chenodeoxycholic.acid.sulfate..1.";"chiA";0.0834333484409171
"val.val.ala";"chiA";0.0439528730234037
"branched.chain..straight.chain..or.cyclopropyl.10.1.fatty.acid..1..";"chiA";-0.0582953894836722
"X1.deoxysphinganine..m18.0.";"chiA";-0.0239041941004476
"N.palmitoyl.deoxysphinganine..m18.0.16.0.";"chiA";0.0393262548104138
"X2.4.di.tert.butylphenol";"chiA";0.23719129371928
"butyrylputrescine.isobutyrylputrescine";"chiA";0.364380437186301
"bilirubin.degradation.product..C16H18N2O5..1...";"chiA";0.338360011976658
"bilirubin.degradation.product..C16H18N2O5..2...";"chiA";0.353581694339967
"bilirubin.degradation.product..C17H18N2O4..1...";"chiA";0.043335990595005
"bilirubin.degradation.product..C17H18N2O4..2...";"chiA";-0.26342892213517
"bilirubin.degradation.product..C17H18N2O4..3...";"chiA";-0.386939503213052
"bilirubin.degradation.product..C16H18N2O5..3...";"chiA";0.0547510428811868
"N.N.dimethyl.pro.pro";"chiA";-0.224823814495442
"oxindolylalanine";"chiA";0.226848160476207
"X5.hydroxyindoleacetate";"chiA";-0.278681984591819
"biopterin";"chiA";-0.287229522313675
"X1.methylguanidine";"chiA";0.327564978612946
"butyrylcarnitine..C4.";"chiA";0.107101087543435
"isobutyrylcarnitine..C4.";"chiA";0.36349044801063
"genistein";"chiA";-0.1117602440173
"X3.hydroxydodecanedioate.";"chiA";-0.269048821035058
"N1.Methyl.2.pyridone.5.carboxamide";"chiA";-0.287241004582569
"phenol.sulfate";"chiA";0.247438743518386
"tiglyl.carnitine..C5.";"chiA";-0.00183792817937252
"alpha.hydroxycaproate";"chiA";0.160902257885067
"bilirubin..E.Z.or.Z.E..";"chiA";0.18264070847111
"sitostanol";"chiA";0.0743432495865423
"pregnen.diol.disulfate.";"chiA";0.123624719651835
"androstenediol..3beta.17beta..disulfate..2.";"chiA";0.0866483914376147
"X21.hydroxypregnenolone.monosulfate..1.";"chiA";0.219010494835469
"X5alpha.androstan.3alpha.17alpha.diol.monosulfate";"chiA";0.309363845053676
"X5alpha.pregnan.3beta.20beta.diol.monosulfate..2.";"chiA";0.27297203359942
"X5alpha.pregnan.3beta.20alpha.diol.monosulfate..1.";"chiA";-0.0428956903996182
"X5alpha.androstan.3beta.17alpha.diol.monosulfate..1.";"chiA";-0.0836654794209274
"androstenediol..3alpha..17alpha..monosulfate..2.";"chiA";-0.199157689521988
"cysteine.sulfinic.acid";"chiA";-0.289467057825365
"X11.ketoetiocholanolone.sulfate";"chiA";-0.0492063498932007
"valylleucine";"chiA";-0.182306684198378
"valylglutamine";"chiA";0.096442029389993
"tryptophol";"chiA";0.243282022113303
"ascorbic.acid.2.sulfate";"chiA";0.144563087842205
"X1.palmitoyl.2.linoleoyl.digalactosylglycerol..16.0.18.2..";"chiA";0.204685190128806
"X1.palmitoyl.digalactosylglycerol..16.0..";"chiA";0.217166771537989
"X1.palmitoyl.2.linoleoyl.galactosylglycerol..16.0.18.2..";"chiA";0.241588896364899
"isohyodeoxycholate";"chiA";0.192238961593431
"N..1..acetylspermidine";"cna";-0.289166870591562
"glucosamine.6.phosphate";"cna";0.170510614165446
"glucose.6.phosphate";"cna";0.226772433713171
"dihydroxyacetone.phosphate..DHAP.";"cna";0.346365984996155
"behenate..22.0..";"cna";0.35771290338723
"phosphate";"cna";0.225864796589005
"uracil";"cna";0.381685286441453
"ribose";"cna";0.345352143374897
"glucose.1.phosphate";"cna";0.247404274997253
"N.palmitoyl.sphingosine..d18.1.16.0.";"cna";0.0790339503818907
"N.stearoyl.sphingosine..d18.1.18.0..";"cna";0.126229579519892
"palmitoylcarnitine..C16.";"cna";-0.322340807440595
"X1.methyl.4.imidazoleacetate";"cna";0.225800943867167
"delta.tocopherol";"cna";0.332991383362563
"gamma.glutamyl.epsilon.lysine";"cna";0.344866565147687
"N.acetylcitrulline";"cna";-0.317658343648605
"glycerophosphoethanolamine";"cna";0.306771589397007
"gamma.glutamylalanine";"cna";0.131473538313003
"bilirubin..E.E..";"cna";0.249837179643228
"X.16.or.17..methylstearate..a19.0.or.i19.0.";"cna";0.344603006404452
"hydroxymethylpyrimidine";"cna";-0.382434423411898
"N6.methyllysine";"cna";-0.195524749286004
"sphingomyelin..d18.2.16.0..d18.1.16.1..";"cna";-0.376657387427679
"N2.N5.diacetylornithine";"cna";0.201683259486442
"glutamyl.meso.diaminopimelate";"cna";0.262947076626006
"X1..1.enyl.palmitoyl..2.linoleoyl.GPC..P.16.0.18.2..";"cna";0.123607600123336
"X1.oleoyl.2.docosahexaenoyl.GPC..18.1.22.6..";"cna";0.344603006404452
"X2.acetamidobutanoate";"cna";-0.218353015433182
"gamma.glutamyl.alpha.lysine";"cna";0.346101280345341
"N.palmitoyl.sphingadienine..d18.2.16.0..";"cna";0.21500231051756
"sphingomyelin..d18.0.20.0..d16.0.22.0..";"cna";0.247215200246672
"linolenoylcarnitine..C18.3..";"cna";0.196273886256449
"eicosenoylcarnitine..C20.1..";"cna";0.247215200246672
"X5.dodecenoylcarnitine..C12.1.";"cna";0.344603006404452
"N.palmitoyl.phytosphingosine..t18.0.16.0.";"cna";0.333740520333008
"X3.indoleglyoxylic.acid";"cna";-0.333740520333008
"val.val.ala";"cna";0.280551795431451
"biopterin";"cna";-0.253038439584265
"N..1..acetylspermidine";"ebh";-0.21627741921367
"glucosamine.6.phosphate";"ebh";0.316631747572711
"glucose.6.phosphate";"ebh";0.325106280917447
"dihydroxyacetone.phosphate..DHAP.";"ebh";0.196127583894604
"behenate..22.0..";"ebh";0.0889772891326413
"phosphate";"ebh";0.375639728107953
"uracil";"ebh";0.29140536483526
"ribose";"ebh";0.329917922818045
"glucose.1.phosphate";"ebh";0.303019965049165
"N.palmitoyl.sphingosine..d18.1.16.0.";"ebh";0.283816683459342
"N.stearoyl.sphingosine..d18.1.18.0..";"ebh";0.306582727587097
"palmitoylcarnitine..C16.";"ebh";-0.113364588779999
"X1.methyl.4.imidazoleacetate";"ebh";0.27435920653688
"delta.tocopherol";"ebh";0.0923921957518045
"gamma.glutamyl.epsilon.lysine";"ebh";0.095595584211939
"N.acetylcitrulline";"ebh";-0.126361198539714
"glycerophosphoethanolamine";"ebh";0.22367638355519
"gamma.glutamylalanine";"ebh";0.36292868680329
"bilirubin..E.E..";"ebh";0.157654855584701
"X.16.or.17..methylstearate..a19.0.or.i19.0.";"ebh";0.251944221680485
"hydroxymethylpyrimidine";"ebh";0.043065766808336
"N6.methyllysine";"ebh";-0.24871903209572
"sphingomyelin..d18.2.16.0..d18.1.16.1..";"ebh";0.0395590238671627
"N2.N5.diacetylornithine";"ebh";0.270882312131896
"glutamyl.meso.diaminopimelate";"ebh";0.193701092120313
"X1..1.enyl.palmitoyl..2.linoleoyl.GPC..P.16.0.18.2..";"ebh";0.327072167302076
"X1.oleoyl.2.docosahexaenoyl.GPC..18.1.22.6..";"ebh";0.399164640373299
"X2.acetamidobutanoate";"ebh";-0.0303779413583123
"gamma.glutamyl.alpha.lysine";"ebh";0.0237146292997445
"N.palmitoyl.sphingadienine..d18.2.16.0..";"ebh";0.322329241442127
"sphingomyelin..d18.0.20.0..d16.0.22.0..";"ebh";0.297855744004791
"linolenoylcarnitine..C18.3..";"ebh";0.151583910483967
"eicosenoylcarnitine..C20.1..";"ebh";0.252892806852475
"X5.dodecenoylcarnitine..C12.1.";"ebh";0.0288369892284893
"N.palmitoyl.phytosphingosine..t18.0.16.0.";"ebh";0.0747485115527946
"X3.indoleglyoxylic.acid";"ebh";-0.0242837804029384
"val.val.ala";"ebh";0.339403774537943
"biopterin";"ebh";-0.261285223858403
"N..1..acetylspermidine";"fas";-0.00838290038542847
"glucosamine.6.phosphate";"fas";-0.192079066535251
"glucose.6.phosphate";"fas";-0.168658412183038
"dihydroxyacetone.phosphate..DHAP.";"fas";-0.195439893006057
"behenate..22.0..";"fas";-0.00652003363311103
"phosphate";"fas";-0.171073263421151
"uracil";"fas";0.0841394816463376
"ribose";"fas";-0.056196480361576
"glucose.1.phosphate";"fas";-0.190468448986825
"N.palmitoyl.sphingosine..d18.1.16.0.";"fas";-0.244966977929743
"N.stearoyl.sphingosine..d18.1.18.0..";"fas";-0.15058172914566
"palmitoylcarnitine..C16.";"fas";-0.131963143225558
"X1.methyl.4.imidazoleacetate";"fas";-0.0328534626981759
"delta.tocopherol";"fas";-0.0282534790768145
"gamma.glutamyl.epsilon.lysine";"fas";-0.00714645077764598
"N.acetylcitrulline";"fas";-0.241570177481139
"glycerophosphoethanolamine";"fas";-0.221991621317828
"gamma.glutamylalanine";"fas";-0.230064043911204
"bilirubin..E.E..";"fas";0.0537126580251528
"X.16.or.17..methylstearate..a19.0.or.i19.0.";"fas";-0.160517018491353
"hydroxymethylpyrimidine";"fas";-0.220749710149616
"N6.methyllysine";"fas";0.133194972790697
"sphingomyelin..d18.2.16.0..d18.1.16.1..";"fas";-0.174191349057736
"N2.N5.diacetylornithine";"fas";-0.0501211178479343
"glutamyl.meso.diaminopimelate";"fas";0.00900385596953428
"X1..1.enyl.palmitoyl..2.linoleoyl.GPC..P.16.0.18.2..";"fas";0.0251487011562854
"X1.oleoyl.2.docosahexaenoyl.GPC..18.1.22.6..";"fas";-0.20087913145823
"X2.acetamidobutanoate";"fas";-0.189847018484421
"gamma.glutamyl.alpha.lysine";"fas";-0.0145924562264866
"N.palmitoyl.sphingadienine..d18.2.16.0..";"fas";-0.0692365476277981
"sphingomyelin..d18.0.20.0..d16.0.22.0..";"fas";-0.21578206547677
"linolenoylcarnitine..C18.3..";"fas";-0.202121042626442
"eicosenoylcarnitine..C20.1..";"fas";-0.194048620033066
"X5.dodecenoylcarnitine..C12.1.";"fas";-0.0276325234927087
"N.palmitoyl.phytosphingosine..t18.0.16.0.";"fas";-0.0239067899880738
"X3.indoleglyoxylic.acid";"fas";-0.0406725907589307
"val.val.ala";"fas";-0.0934538154079248
"biopterin";"fas";-0.162663838036713
"N..1..acetylspermidine";"irp1";0.0455388993749717
"glucosamine.6.phosphate";"irp1";-0.0422326692955628
"glucose.6.phosphate";"irp1";-0.0370585928547454
"dihydroxyacetone.phosphate..DHAP.";"irp1";0.116345217808594
"behenate..22.0..";"irp1";0.166457888159026
"phosphate";"irp1";0.177648334421818
"uracil";"irp1";0.277118967868855
"ribose";"irp1";0.0160085550703826
"glucose.1.phosphate";"irp1";0.0839925369206429
"N.palmitoyl.sphingosine..d18.1.16.0.";"irp1";0.175161568585642
"N.stearoyl.sphingosine..d18.1.18.0..";"irp1";0.236398177301474
"palmitoylcarnitine..C16.";"irp1";-0.352992293464106
"X1.methyl.4.imidazoleacetate";"irp1";0.159312161895756
"delta.tocopherol";"irp1";0.133819086559217
"gamma.glutamyl.epsilon.lysine";"irp1";0.0920807071426308
"N.acetylcitrulline";"irp1";-0.0222271677522533
"glycerophosphoethanolamine";"irp1";0.193812312356962
"gamma.glutamylalanine";"irp1";0.292039562885911
"bilirubin..E.E..";"irp1";0.10615381663176
"X.16.or.17..methylstearate..a19.0.or.i19.0.";"irp1";-0.0623245687691593
"hydroxymethylpyrimidine";"irp1";-0.133508240829695
"N6.methyllysine";"irp1";-0.215882359153023
"sphingomyelin..d18.2.16.0..d18.1.16.1..";"irp1";-0.0183412992640971
"N2.N5.diacetylornithine";"irp1";0.172670839776692
"glutamyl.meso.diaminopimelate";"irp1";0.237952405949084
"X1..1.enyl.palmitoyl..2.linoleoyl.GPC..P.16.0.18.2..";"irp1";0.179202563069428
"X1.oleoyl.2.docosahexaenoyl.GPC..18.1.22.6..";"irp1";0.250075389400442
"X2.acetamidobutanoate";"irp1";-0.179495162234115
"gamma.glutamyl.alpha.lysine";"irp1";0.160551819298109
"N.palmitoyl.sphingadienine..d18.2.16.0..";"irp1";0.127291326239255
"sphingomyelin..d18.0.20.0..d16.0.22.0..";"irp1";0.231424645629123
"linolenoylcarnitine..C18.3..";"irp1";0.034970144571224
"eicosenoylcarnitine..C20.1..";"irp1";0.141901075526789
"X5.dodecenoylcarnitine..C12.1.";"irp1";0.151226447412449
"N.palmitoyl.phytosphingosine..t18.0.16.0.";"irp1";0.129467246345909
"X3.indoleglyoxylic.acid";"irp1";-0.269036978901283
"val.val.ala";"irp1";0.336490502207556
"biopterin";"irp1";-0.284267668271619
"N..1..acetylspermidine";"kbl";-0.115333644984827
"glucosamine.6.phosphate";"kbl";0.222390896279576
"glucose.6.phosphate";"kbl";0.21153716537332
"dihydroxyacetone.phosphate..DHAP.";"kbl";0.292993937804011
"behenate..22.0..";"kbl";0.275026384194587
"phosphate";"kbl";0.07984636960488
"uracil";"kbl";0.257282746504613
"ribose";"kbl";0.275026384194587
"glucose.1.phosphate";"kbl";0.292993937804011
"N.palmitoyl.sphingosine..d18.1.16.0.";"kbl";0.115333644984827
"N.stearoyl.sphingosine..d18.1.18.0..";"kbl";0.0621027319149066
"palmitoylcarnitine..C16.";"kbl";-0.168577436884124
"X1.methyl.4.imidazoleacetate";"kbl";0.0284478424670568
"delta.tocopherol";"kbl";0.275026384194587
"gamma.glutamyl.epsilon.lysine";"kbl";0.257479521100494
"N.acetylcitrulline";"kbl";-0.204067423596571
"glycerophosphoethanolamine";"kbl";0.23953910881464
"gamma.glutamylalanine";"kbl";0.18630819574472
"bilirubin..E.E..";"kbl";0.0621027319149066
"X.16.or.17..methylstearate..a19.0.or.i19.0.";"kbl";0.257282746504613
"hydroxymethylpyrimidine";"kbl";-0.275026384194587
"N6.methyllysine";"kbl";-0.23953910881464
"sphingomyelin..d18.2.16.0..d18.1.16.1..";"kbl";-0.283919893699577
"N2.N5.diacetylornithine";"kbl";0.0800607226606475
"glutamyl.meso.diaminopimelate";"kbl";0.07984636960488
"X1..1.enyl.palmitoyl..2.linoleoyl.GPC..P.16.0.18.2..";"kbl";0.29277002188456
"X1.oleoyl.2.docosahexaenoyl.GPC..18.1.22.6..";"kbl";0.257282746504613
"X2.acetamidobutanoate";"kbl";-0.0443930208793956
"gamma.glutamyl.alpha.lysine";"kbl";0.29277002188456
"N.palmitoyl.sphingadienine..d18.2.16.0..";"kbl";0.115333644984827
"sphingomyelin..d18.0.20.0..d16.0.22.0..";"kbl";0.29277002188456
"linolenoylcarnitine..C18.3..";"kbl";0.257282746504613
"eicosenoylcarnitine..C20.1..";"kbl";0.29277002188456
"X5.dodecenoylcarnitine..C12.1.";"kbl";0.257282746504613
"N.palmitoyl.phytosphingosine..t18.0.16.0.";"kbl";0.29277002188456
"X3.indoleglyoxylic.acid";"kbl";-0.29277002188456
"val.val.ala";"kbl";0.204051833434693
"biopterin";"kbl";-0.176274306331442
"N..1..acetylspermidine";"lapA";0.213682812222725
"glucosamine.6.phosphate";"lapA";-0.24246192838063
"glucose.6.phosphate";"lapA";-0.157039321520799
"dihydroxyacetone.phosphate..DHAP.";"lapA";-0.0437134588682927
"behenate..22.0..";"lapA";-0.0490963779514192
"phosphate";"lapA";-0.0302265956782759
"uracil";"lapA";-0.13435983859303
"ribose";"lapA";-0.314321651012822
"glucose.1.phosphate";"lapA";-0.147926344810302
"N.palmitoyl.sphingosine..d18.1.16.0.";"lapA";-0.094873071984415
"N.stearoyl.sphingosine..d18.1.18.0..";"lapA";-0.125973268693855
"palmitoylcarnitine..C16.";"lapA";-0.221387414656148
"X1.methyl.4.imidazoleacetate";"lapA";-0.114850704558054
"delta.tocopherol";"lapA";-0.0117062538175982
"gamma.glutamyl.epsilon.lysine";"lapA";-0.341139833008156
"N.acetylcitrulline";"lapA";0.178752427145414
"glycerophosphoethanolamine";"lapA";-0.082992097960584
"gamma.glutamylalanine";"lapA";-0.0868359424977058
"bilirubin..E.E..";"lapA";-0.30733284276351
"X.16.or.17..methylstearate..a19.0.or.i19.0.";"lapA";-0.175943247676438
"hydroxymethylpyrimidine";"lapA";0.0557357457882659
"N6.methyllysine";"lapA";-0.0155500983547199
"sphingomyelin..d18.2.16.0..d18.1.16.1..";"lapA";0.166521078269383
"N2.N5.diacetylornithine";"lapA";-0.293442001472223
"glutamyl.meso.diaminopimelate";"lapA";-0.0917281082722244
"X1..1.enyl.palmitoyl..2.linoleoyl.GPC..P.16.0.18.2..";"lapA";-0.0581818286755252
"X1.oleoyl.2.docosahexaenoyl.GPC..18.1.22.6..";"lapA";0.0323232381530696
"X2.acetamidobutanoate";"lapA";0.0414403590071414
"gamma.glutamyl.alpha.lysine";"lapA";-0.183630936750682
"N.palmitoyl.sphingadienine..d18.2.16.0..";"lapA";-0.199355755311634
"sphingomyelin..d18.0.20.0..d16.0.22.0..";"lapA";-0.148337455091654
"linolenoylcarnitine..C18.3..";"lapA";-0.310477806475701
"eicosenoylcarnitine..C20.1..";"lapA";-0.239890843157646
"X5.dodecenoylcarnitine..C12.1.";"lapA";-0.208091765623275
"N.palmitoyl.phytosphingosine..t18.0.16.0.";"lapA";-0.285667537190642
"X3.indoleglyoxylic.acid";"lapA";-0.00401856474335459
"val.val.ala";"lapA";-0.024635549078826
"biopterin";"lapA";-0.0739981572759657
"N..1..acetylspermidine";"lppL";-0.37565284121023
"glucosamine.6.phosphate";"lppL";0.341623045909135
"glucose.6.phosphate";"lppL";0.315848353844779
"dihydroxyacetone.phosphate..DHAP.";"lppL";0.33331902607373
"behenate..22.0..";"lppL";0.268635462028246
"phosphate";"lppL";0.222770870950253
"uracil";"lppL";0.412781319701939
"ribose";"lppL";0.452912836895183
"glucose.1.phosphate";"lppL";0.393972160326491
"N.palmitoyl.sphingosine..d18.1.16.0.";"lppL";0.374014820100302
"N.stearoyl.sphingosine..d18.1.18.0..";"lppL";0.290202739975635
"palmitoylcarnitine..C16.";"lppL";-0.326127617843143
"X1.methyl.4.imidazoleacetate";"lppL";0.368542017450752
"delta.tocopherol";"lppL";0.25962634592364
"gamma.glutamyl.epsilon.lysine";"lppL";0.358454559187487
"N.acetylcitrulline";"lppL";-0.154258772776371
"glycerophosphoethanolamine";"lppL";0.206663663369291
"gamma.glutamylalanine";"lppL";0.377290862320158
"bilirubin..E.E..";"lppL";0.3344293099437
"X.16.or.17..methylstearate..a19.0.or.i19.0.";"lppL";0.241608113714428
"hydroxymethylpyrimidine";"lppL";-0.432983580057721
"N6.methyllysine";"lppL";-0.428342520246258
"sphingomyelin..d18.2.16.0..d18.1.16.1..";"lppL";-0.444347172908928
"N2.N5.diacetylornithine";"lppL";0.420185397011636
"glutamyl.meso.diaminopimelate";"lppL";0.336886341608593
"X1..1.enyl.palmitoyl..2.linoleoyl.GPC..P.16.0.18.2..";"lppL";0.337159345126914
"X1.oleoyl.2.docosahexaenoyl.GPC..18.1.22.6..";"lppL";0.467928030402859
"X2.acetamidobutanoate";"lppL";-0.359137589978621
"gamma.glutamyl.alpha.lysine";"lppL";0.353812559744519
"N.palmitoyl.sphingadienine..d18.2.16.0..";"lppL";0.240243096122821
"sphingomyelin..d18.0.20.0..d16.0.22.0..";"lppL";0.431345558947793
"linolenoylcarnitine..C18.3..";"lppL";0.386299978424764
"eicosenoylcarnitine..C20.1..";"lppL";0.371830791953731
"X5.dodecenoylcarnitine..C12.1.";"lppL";0.331972278278808
"N.palmitoyl.phytosphingosine..t18.0.16.0.";"lppL";0.34425743660327
"X3.indoleglyoxylic.acid";"lppL";-0.374014820100302
"val.val.ala";"lppL";0.359272630110947
"biopterin";"lppL";-0.20926421408968
"N..1..acetylspermidine";"mdn1";0.0443590942249333
"glucosamine.6.phosphate";"mdn1";0.293555983089041
"glucose.6.phosphate";"mdn1";0.229931701492739
"dihydroxyacetone.phosphate..DHAP.";"mdn1";0.150936270989945
"behenate..22.0..";"mdn1";-0.18630819574472
"phosphate";"mdn1";0.150820920364773
"uracil";"mdn1";0.221795471124667
"ribose";"mdn1";0.23953910881464
"glucose.1.phosphate";"mdn1";0.257479521100494
"N.palmitoyl.sphingosine..d18.1.16.0.";"mdn1";-0.0621027319149066
"N.stearoyl.sphingosine..d18.1.18.0..";"mdn1";0.00887181884498666
"palmitoylcarnitine..C16.";"mdn1";-0.239557410309018
"X1.methyl.4.imidazoleacetate";"mdn1";0.104308755712542
"delta.tocopherol";"mdn1";-0.204051833434693
"gamma.glutamyl.epsilon.lysine";"mdn1";-0.0266358125276373
"N.acetylcitrulline";"mdn1";-0.133087450171677
"glycerophosphoethanolamine";"mdn1";0.150820920364773
"gamma.glutamylalanine";"mdn1";-0.150820920364773
"bilirubin..E.E..";"mdn1";0.150820920364773
"X.16.or.17..methylstearate..a19.0.or.i19.0.";"mdn1";0.18630819574472
"hydroxymethylpyrimidine";"mdn1";0.168564558054747
"N6.methyllysine";"mdn1";0.18630819574472
"sphingomyelin..d18.2.16.0..d18.1.16.1..";"mdn1";0.0798524701030059
"N2.N5.diacetylornithine";"mdn1";0.0622694509582814
"glutamyl.meso.diaminopimelate";"mdn1";0.0443590942249333
"X1..1.enyl.palmitoyl..2.linoleoyl.GPC..P.16.0.18.2..";"mdn1";0.257282746504613
"X1.oleoyl.2.docosahexaenoyl.GPC..18.1.22.6..";"mdn1";0.02661545653496
"X2.acetamidobutanoate";"mdn1";-0.0976646459346703
"gamma.glutamyl.alpha.lysine";"mdn1";-0.0975900072948533
"N.palmitoyl.sphingadienine..d18.2.16.0..";"mdn1";0.275026384194587
"sphingomyelin..d18.0.20.0..d16.0.22.0..";"mdn1";-0.00887181884498666
"linolenoylcarnitine..C18.3..";"mdn1";0.02661545653496
"eicosenoylcarnitine..C20.1..";"mdn1";0.00887181884498666
"X5.dodecenoylcarnitine..C12.1.";"mdn1";-0.0621027319149066
"N.palmitoyl.phytosphingosine..t18.0.16.0.";"mdn1";-0.115333644984827
"X3.indoleglyoxylic.acid";"mdn1";0.07984636960488
"val.val.ala";"mdn1";0.0621027319149066
"biopterin";"mdn1";-0.176274306331442
"N..1..acetylspermidine";"PAPPA2";-0.348045604891308
"glucosamine.6.phosphate";"PAPPA2";0.328433411984911
"glucose.6.phosphate";"PAPPA2";0.34150109795077
"dihydroxyacetone.phosphate..DHAP.";"PAPPA2";0.353283240616673
"behenate..22.0..";"PAPPA2";0.124501594613215
"phosphate";"PAPPA2";0.271668068046293
"uracil";"PAPPA2";0.355497071900578
"ribose";"PAPPA2";0.42628600848864
"glucose.1.phosphate";"PAPPA2";0.389947640258509
"N.palmitoyl.sphingosine..d18.1.16.0.";"PAPPA2";0.400205873956196
"N.stearoyl.sphingosine..d18.1.18.0..";"PAPPA2";0.337489359961509
"palmitoylcarnitine..C16.";"PAPPA2";-0.324474081578136
"X1.methyl.4.imidazoleacetate";"PAPPA2";0.379971866559711
"delta.tocopherol";"PAPPA2";0.115187260851628
"gamma.glutamyl.epsilon.lysine";"PAPPA2";0.262554387265689
"N.acetylcitrulline";"PAPPA2";-0.119543082686682
"glycerophosphoethanolamine";"PAPPA2";0.248071755850272
"gamma.glutamylalanine";"PAPPA2";0.371020961503223
"bilirubin..E.E..";"PAPPA2";0.275393801550928
"X.16.or.17..methylstearate..a19.0.or.i19.0.";"PAPPA2";0.233789777415838
"hydroxymethylpyrimidine";"PAPPA2";-0.313893047765488
"N6.methyllysine";"PAPPA2";-0.434358431082016
"sphingomyelin..d18.2.16.0..d18.1.16.1..";"PAPPA2";-0.403962469026943
"N2.N5.diacetylornithine";"PAPPA2";0.409996970221922
"glutamyl.meso.diaminopimelate";"PAPPA2";0.346182738138991
"X1..1.enyl.palmitoyl..2.linoleoyl.GPC..P.16.0.18.2..";"PAPPA2";0.235652644168156
"X1.oleoyl.2.docosahexaenoyl.GPC..18.1.22.6..";"PAPPA2";0.431253653161487
"X2.acetamidobutanoate";"PAPPA2";-0.394297653775337
"gamma.glutamyl.alpha.lysine";"PAPPA2";0.257386089611859
"N.palmitoyl.sphingadienine..d18.2.16.0..";"PAPPA2";0.271047112462187
"sphingomyelin..d18.0.20.0..d16.0.22.0..";"PAPPA2";0.335005537625086
"linolenoylcarnitine..C18.3..";"PAPPA2";0.337489359961509
"eicosenoylcarnitine..C20.1..";"PAPPA2";0.312651136597277
"X5.dodecenoylcarnitine..C12.1.";"PAPPA2";0.266700423373447
"N.palmitoyl.phytosphingosine..t18.0.16.0.";"PAPPA2";0.225096399238357
"X3.indoleglyoxylic.acid";"PAPPA2";-0.290917691153573
"val.val.ala";"PAPPA2";0.339352226713827
"biopterin";"PAPPA2";-0.221105935534933
"N..1..acetylspermidine";"RPGR";-0.50830344916594
"glucosamine.6.phosphate";"RPGR";0.692521796950887
"glucose.6.phosphate";"RPGR";0.653875128257945
"dihydroxyacetone.phosphate..DHAP.";"RPGR";0.352313048931004
"behenate..22.0..";"RPGR";0.395428831521135
"phosphate";"RPGR";0.480360547077975
"uracil";"RPGR";0.327042255358484
"ribose";"RPGR";0.37373631542653
"glucose.1.phosphate";"RPGR";0.661759810446381
"N.palmitoyl.sphingosine..d18.1.16.0.";"RPGR";0.53109897455349
"N.stearoyl.sphingosine..d18.1.18.0..";"RPGR";0.535511011725274
"palmitoylcarnitine..C16.";"RPGR";-0.184400474467893
"X1.methyl.4.imidazoleacetate";"RPGR";0.430905430204405
"delta.tocopherol";"RPGR";0.440284542767604
"gamma.glutamyl.epsilon.lysine";"RPGR";0.559837393157725
"N.acetylcitrulline";"RPGR";-0.508158436120893
"glycerophosphoethanolamine";"RPGR";0.437710854417397
"gamma.glutamylalanine";"RPGR";0.496538016707849
"bilirubin..E.E..";"RPGR";0.495802677179219
"X.16.or.17..methylstearate..a19.0.or.i19.0.";"RPGR";0.484037244721128
"hydroxymethylpyrimidine";"RPGR";-0.342116715695412
"N6.methyllysine";"RPGR";-0.352043799331926
"sphingomyelin..d18.2.16.0..d18.1.16.1..";"RPGR";-0.28956206110362
"N2.N5.diacetylornithine";"RPGR";0.405338150517701
"glutamyl.meso.diaminopimelate";"RPGR";0.471536472734407
"X1..1.enyl.palmitoyl..2.linoleoyl.GPC..P.16.0.18.2..";"RPGR";0.286230911519482
"X1.oleoyl.2.docosahexaenoyl.GPC..18.1.22.6..";"RPGR";0.49727335623648
"X2.acetamidobutanoate";"RPGR";-0.290313311338446
"gamma.glutamyl.alpha.lysine";"RPGR";0.490287630714489
"N.palmitoyl.sphingadienine..d18.2.16.0..";"RPGR";0.511612477044778
"sphingomyelin..d18.0.20.0..d16.0.22.0..";"RPGR";0.529260625731914
"linolenoylcarnitine..C18.3..";"RPGR";0.624119424925268
"eicosenoylcarnitine..C20.1..";"RPGR";0.582940411321951
"X5.dodecenoylcarnitine..C12.1.";"RPGR";0.532937323375067
"N.palmitoyl.phytosphingosine..t18.0.16.0.";"RPGR";0.476316179670506
"X3.indoleglyoxylic.acid";"RPGR";-0.426680761487937
"val.val.ala";"RPGR";0.386237087413251
"biopterin";"RPGR";-0.334695166260589
"N..1..acetylspermidine";"TRA1";-0.115333644984827
"glucosamine.6.phosphate";"TRA1";0.222390896279576
"glucose.6.phosphate";"TRA1";0.21153716537332
"dihydroxyacetone.phosphate..DHAP.";"TRA1";0.292993937804011
"behenate..22.0..";"TRA1";0.275026384194587
"phosphate";"TRA1";0.07984636960488
"uracil";"TRA1";0.257282746504613
"ribose";"TRA1";0.275026384194587
"glucose.1.phosphate";"TRA1";0.292993937804011
"N.palmitoyl.sphingosine..d18.1.16.0.";"TRA1";0.115333644984827
"N.stearoyl.sphingosine..d18.1.18.0..";"TRA1";0.0621027319149066
"palmitoylcarnitine..C16.";"TRA1";-0.168577436884124
"X1.methyl.4.imidazoleacetate";"TRA1";0.0284478424670568
"delta.tocopherol";"TRA1";0.275026384194587
"gamma.glutamyl.epsilon.lysine";"TRA1";0.257479521100494
"N.acetylcitrulline";"TRA1";-0.204067423596571
"glycerophosphoethanolamine";"TRA1";0.23953910881464
"gamma.glutamylalanine";"TRA1";0.18630819574472
"bilirubin..E.E..";"TRA1";0.0621027319149066
"X.16.or.17..methylstearate..a19.0.or.i19.0.";"TRA1";0.257282746504613
"hydroxymethylpyrimidine";"TRA1";-0.275026384194587
"N6.methyllysine";"TRA1";-0.23953910881464
"sphingomyelin..d18.2.16.0..d18.1.16.1..";"TRA1";-0.283919893699577
"N2.N5.diacetylornithine";"TRA1";0.0800607226606475
"glutamyl.meso.diaminopimelate";"TRA1";0.07984636960488
"X1..1.enyl.palmitoyl..2.linoleoyl.GPC..P.16.0.18.2..";"TRA1";0.29277002188456
"X1.oleoyl.2.docosahexaenoyl.GPC..18.1.22.6..";"TRA1";0.257282746504613
"X2.acetamidobutanoate";"TRA1";-0.0443930208793956
"gamma.glutamyl.alpha.lysine";"TRA1";0.29277002188456
"N.palmitoyl.sphingadienine..d18.2.16.0..";"TRA1";0.115333644984827
"sphingomyelin..d18.0.20.0..d16.0.22.0..";"TRA1";0.29277002188456
"linolenoylcarnitine..C18.3..";"TRA1";0.257282746504613
"eicosenoylcarnitine..C20.1..";"TRA1";0.29277002188456
"X5.dodecenoylcarnitine..C12.1.";"TRA1";0.257282746504613
"N.palmitoyl.phytosphingosine..t18.0.16.0.";"TRA1";0.29277002188456
"X3.indoleglyoxylic.acid";"TRA1";-0.29277002188456
"val.val.ala";"TRA1";0.204051833434693
"biopterin";"TRA1";-0.176274306331442
"N..1..acetylspermidine";"VPS13";-0.549237489916759
"glucosamine.6.phosphate";"VPS13";0.720340532680535
"glucose.6.phosphate";"VPS13";0.719625623079285
"dihydroxyacetone.phosphate..DHAP.";"VPS13";0.521495475918084
"behenate..22.0..";"VPS13";0.4495868060922
"phosphate";"VPS13";0.608829260974636
"uracil";"VPS13";0.376752419243684
"ribose";"VPS13";0.499577680701863
"glucose.1.phosphate";"VPS13";0.688148731564079
"N.palmitoyl.sphingosine..d18.1.16.0.";"VPS13";0.666600172361299
"N.stearoyl.sphingosine..d18.1.18.0..";"VPS13";0.617768026633317
"palmitoylcarnitine..C16.";"VPS13";-0.202213638391363
"X1.methyl.4.imidazoleacetate";"VPS13";0.603151215761138
"delta.tocopherol";"VPS13";0.458028973658732
"gamma.glutamyl.epsilon.lysine";"VPS13";0.404125861976546
"N.acetylcitrulline";"VPS13";-0.585699429086075
"glycerophosphoethanolamine";"VPS13";0.528876968138652
"gamma.glutamylalanine";"VPS13";0.466636673922648
"bilirubin..E.E..";"VPS13";0.712949327628536
"X.16.or.17..methylstearate..a19.0.or.i19.0.";"VPS13";0.536988070310418
"hydroxymethylpyrimidine";"VPS13";-0.373276232598641
"N6.methyllysine";"VPS13";-0.301600574631807
"sphingomyelin..d18.2.16.0..d18.1.16.1..";"VPS13";-0.431080077258378
"N2.N5.diacetylornithine";"VPS13";0.646480731518591
"glutamyl.meso.diaminopimelate";"VPS13";0.646405183280574
"X1..1.enyl.palmitoyl..2.linoleoyl.GPC..P.16.0.18.2..";"VPS13";0.159904585671968
"X1.oleoyl.2.docosahexaenoyl.GPC..18.1.22.6..";"VPS13";0.500405344188777
"X2.acetamidobutanoate";"VPS13";-0.434855662098148
"gamma.glutamyl.alpha.lysine";"VPS13";0.559334984457122
"N.palmitoyl.sphingadienine..d18.2.16.0..";"VPS13";0.626706792291999
"sphingomyelin..d18.0.20.0..d16.0.22.0..";"VPS13";0.489149120766734
"linolenoylcarnitine..C18.3..";"VPS13";0.52324885642763
"eicosenoylcarnitine..C20.1..";"VPS13";0.512654763795119
"X5.dodecenoylcarnitine..C12.1.";"VPS13";0.609656924461551
"N.palmitoyl.phytosphingosine..t18.0.16.0.";"VPS13";0.518945006295672
"X3.indoleglyoxylic.acid";"VPS13";-0.289682220420232
"val.val.ala";"VPS13";0.544933639784802
"biopterin";"VPS13";-0.509271307374278
"N..1..acetylspermidine";"yeeJ";0.269942718629689
"glucosamine.6.phosphate";"yeeJ";-0.331808448231874
"glucose.6.phosphate";"yeeJ";-0.313354124833891
"dihydroxyacetone.phosphate..DHAP.";"yeeJ";-0.147401783303883
"behenate..22.0..";"yeeJ";-0.140300325604945
"phosphate";"yeeJ";-0.11758669879468
"uracil";"yeeJ";-0.150084657153982
"ribose";"yeeJ";-0.398886230829502
"glucose.1.phosphate";"yeeJ";-0.216993609822205
"N.palmitoyl.sphingosine..d18.1.16.0.";"yeeJ";-0.0847393000229121
"N.stearoyl.sphingosine..d18.1.18.0..";"yeeJ";-0.0857876212603089
"palmitoylcarnitine..C16.";"yeeJ";-0.119168284763609
"X1.methyl.4.imidazoleacetate";"yeeJ";-0.129790633606256
"delta.tocopherol";"yeeJ";-0.0878842637351026
"gamma.glutamyl.epsilon.lysine";"yeeJ";-0.398666744878829
"N.acetylcitrulline";"yeeJ";0.234667164864409
"glycerophosphoethanolamine";"yeeJ";-0.0973191548716743
"gamma.glutamylalanine";"yeeJ";-0.0634234348625095
"bilirubin..E.E..";"yeeJ";-0.310827246888166
"X.16.or.17..methylstearate..a19.0.or.i19.0.";"yeeJ";-0.305935081113648
"hydroxymethylpyrimidine";"yeeJ";0.146590253029326
"N6.methyllysine";"yeeJ";-0.0749549684738748
"sphingomyelin..d18.2.16.0..d18.1.16.1..";"yeeJ";0.272234879269359
"N2.N5.diacetylornithine";"yeeJ";-0.20497142789403
"glutamyl.meso.diaminopimelate";"yeeJ";-0.0864865020852402
"X1..1.enyl.palmitoyl..2.linoleoyl.GPC..P.16.0.18.2..";"yeeJ";-0.0843898596104465
"X1.oleoyl.2.docosahexaenoyl.GPC..18.1.22.6..";"yeeJ";-0.0613267923877158
"X2.acetamidobutanoate";"yeeJ";0.0353204747655805
"gamma.glutamyl.alpha.lysine";"yeeJ";-0.251422376769011
"N.palmitoyl.sphingadienine..d18.2.16.0..";"yeeJ";-0.189221983350132
"sphingomyelin..d18.0.20.0..d16.0.22.0..";"yeeJ";-0.0917281082722244
"linolenoylcarnitine..C18.3..";"yeeJ";-0.26749663574243
"eicosenoylcarnitine..C20.1..";"yeeJ";-0.189920864175063
"X5.dodecenoylcarnitine..C12.1.";"yeeJ";-0.272039361104483
"N.palmitoyl.phytosphingosine..t18.0.16.0.";"yeeJ";-0.326901505861585
"X3.indoleglyoxylic.acid";"yeeJ";-0.0634234348625095
"val.val.ala";"yeeJ";0.00471744556828583
"biopterin";"yeeJ";-0.0524382003412399
"N..1..acetylspermidine";"Z012_01725";-0.260465998798981
"glucosamine.6.phosphate";"Z012_01725";0.397856310823332
"glucose.6.phosphate";"Z012_01725";0.452338460843485
"dihydroxyacetone.phosphate..DHAP.";"Z012_01725";0.396404371926408
"behenate..22.0..";"Z012_01725";0.554036237515925
"phosphate";"Z012_01725";0.35495101689817
"uracil";"Z012_01725";0.351962439683354
"ribose";"Z012_01725";0.285983850402411
"glucose.1.phosphate";"Z012_01725";0.34901069774368
"N.palmitoyl.sphingosine..d18.1.16.0.";"Z012_01725";0.204602593937416
"N.stearoyl.sphingosine..d18.1.18.0..";"Z012_01725";0.276788228202977
"palmitoylcarnitine..C16.";"Z012_01725";-0.157372107662404
"X1.methyl.4.imidazoleacetate";"Z012_01725";0.176425349838949
"delta.tocopherol";"Z012_01725";0.518862982603089
"gamma.glutamyl.epsilon.lysine";"Z012_01725";0.502464972888726
"N.acetylcitrulline";"Z012_01725";-0.0749500468925401
"glycerophosphoethanolamine";"Z012_01725";0.338858678049159
"gamma.glutamylalanine";"Z012_01725";0.366215654092477
"bilirubin..E.E..";"Z012_01725";0.217936246126596
"X.16.or.17..methylstearate..a19.0.or.i19.0.";"Z012_01725";0.406906282324974
"hydroxymethylpyrimidine";"Z012_01725";-0.168509776804636
"N6.methyllysine";"Z012_01725";-0.248741580494702
"sphingomyelin..d18.2.16.0..d18.1.16.1..";"Z012_01725";-0.341183649044569
"N2.N5.diacetylornithine";"Z012_01725";0.18993835464567
"glutamyl.meso.diaminopimelate";"Z012_01725";0.259086655469066
"X1..1.enyl.palmitoyl..2.linoleoyl.GPC..P.16.0.18.2..";"Z012_01725";0.288512646507256
"X1.oleoyl.2.docosahexaenoyl.GPC..18.1.22.6..";"Z012_01725";0.470815856611044
"X2.acetamidobutanoate";"Z012_01725";-0.123545645806431
"gamma.glutamyl.alpha.lysine";"Z012_01725";0.505299439858923
"N.palmitoyl.sphingadienine..d18.2.16.0..";"Z012_01725";0.226212306106087
"sphingomyelin..d18.0.20.0..d16.0.22.0..";"Z012_01725";0.405756829550045
"linolenoylcarnitine..C18.3..";"Z012_01725";0.434952930033249
"eicosenoylcarnitine..C20.1..";"Z012_01725";0.391503615140922
"X5.dodecenoylcarnitine..C12.1.";"Z012_01725";0.472195199940959
"N.palmitoyl.phytosphingosine..t18.0.16.0.";"Z012_01725";0.56323185971536
"X3.indoleglyoxylic.acid";"Z012_01725";-0.190119488973307
"val.val.ala";"Z012_01725";0.26552359100867
"biopterin";"Z012_01725";-0.144964342111408
